f_Hz,S_i_A2Hz
1.000000000000000000e+00,8.155739196160639039e-17
1.258925410000000022e+00,6.478334016243320728e-17
1.584893190000000063e+00,5.145923696841817559e-17
1.995262309999999983e+00,4.087552571108076339e-17
2.511886430000000114e+00,3.246858509592701713e-17
3.162277659999999990e+00,2.579071473452128364e-17
3.981071710000000152e+00,2.048629371485726329e-17
5.011872340000000037e+00,1.627284239835087840e-17
6.309573440000000311e+00,1.292597902825349846e-17
7.943282349999999603e+00,1.026747094346709112e-17
1.000000000000000000e+01,8.155742941907297887e-18
1.258925409999999978e+01,6.478337726607251314e-18
1.584893190000000018e+01,5.145927422109868095e-18
1.995262310000000028e+01,4.087556278153535799e-18
2.511886429999999848e+01,3.246862205634625598e-18
3.162277660000000168e+01,2.579075177667004520e-18
3.981071709999999797e+01,2.048633086989902307e-18
5.011872340000000037e+01,1.627287948564880657e-18
6.309573439999999778e+01,1.292601616278431965e-18
7.943282349999999781e+01,1.026750807823636824e-18
1.000000000000000000e+02,8.155780070124677661e-19
1.258925409999999943e+02,6.478374872066584975e-19
1.584893189999999947e+02,5.145964557232413344e-19
1.995262309999999957e+02,4.087593437804099566e-19
2.511886430000000132e+02,3.246899365250155832e-19
3.162277659999999742e+02,2.579112324713474996e-19
3.981071709999999939e+02,2.048670234030882245e-19
5.011872339999999895e+02,1.627325096049853556e-19
6.309573440000000346e+02,1.292638759816481505e-19
7.943282349999999497e+02,1.026787949443730517e-19
1.000000000000000000e+03,8.156151501511430644e-20
1.258925410000000056e+03,6.478746297845421164e-20
1.584893190000000004e+03,5.146335980525838385e-20
1.995262310000000070e+03,4.087964888198857015e-20
2.511886430000000018e+03,3.247270782463361539e-20
3.162277660000000196e+03,2.579483779630579205e-20
3.981071710000000166e+03,2.049041658966760084e-20
5.011872339999999895e+03,1.627696540022651832e-20
6.309573440000000119e+03,1.293010191688723631e-20
7.943282350000000406e+03,1.027159385567238444e-20
1.000000000000000000e+04,8.159865851931785241e-21
1.258925410000000011e+04,6.482460654101915554e-21
1.584893189999999959e+04,5.150050353408511932e-21
1.995262310000000070e+04,4.091679220075225720e-21
2.511886430000000109e+04,3.250985145739438896e-21
3.162277660000000105e+04,2.583198118994618597e-21
3.981071710000000166e+04,2.052756018391320232e-21
5.011872340000000258e+04,1.631410884135547192e-21
6.309573440000000119e+04,1.296724543637806901e-21
7.943282349999999860e+04,1.030873736664506409e-21
1.000000000000000000e+05,8.197009379242319883e-22
1.258925409999999974e+05,6.519604137887403377e-22
1.584893189999999886e+05,5.187193872146615219e-22
1.995262309999999998e+05,4.128822712533220470e-22
2.511886430000000109e+05,3.288128660805644461e-22
3.162277660000000033e+05,2.620341623384425309e-22
3.981071709999999730e+05,2.089899527726310273e-22
5.011872339999999967e+05,1.668554379832622456e-22
6.309573440000000410e+05,1.333868040117202478e-22
7.943282349999999860e+05,1.068017248980640025e-22
1.000000000000000000e+06,8.568444380268844134e-23
1.258925409999999916e+06,6.891039195281915231e-23
1.584893189999999944e+06,5.558628881990127159e-23
1.995262310000000056e+06,4.500257756365560643e-23
2.511886430000000168e+06,3.659563683874987645e-23
3.162277660000000149e+06,2.991776653784214623e-23
3.981071709999999963e+06,2.461334559039553443e-23
5.011872339999999851e+06,2.039989425435812542e-23
6.309573440000000410e+06,1.705303082244540111e-23
7.943282349999999627e+06,1.439452280685087362e-23
1.000000000000000000e+07,1.228279472953214947e-23
1.258925409999999963e+07,1.060538956564072241e-23
1.584893190000000037e+07,9.272979266651755391e-24
1.995262310000000149e+07,8.214608142583613631e-24
2.511886430000000075e+07,7.373914126913135000e-24
3.162277660000000149e+07,6.706127134877192198e-24
3.981071710000000149e+07,6.175685131171055965e-24
5.011872339999999851e+07,5.754340127055125875e-24
6.309573439999999851e+07,5.419654026466201450e-24
7.943282350000000000e+07,5.153803545004980753e-24
1.000000000000000000e+08,4.942631267960584695e-24
1.258925410000000000e+08,4.774891623068451615e-24
1.584893190000000000e+08,4.641651915537448000e-24
1.995262310000000000e+08,4.535816959643062135e-24
2.511886430000000000e+08,4.451750928442597699e-24
3.162277660000000000e+08,4.384977597423116157e-24
3.981071710000000000e+08,4.331941895184696662e-24
5.011872340000000000e+08,4.289820849785593880e-24
6.309573440000000000e+08,4.256373563913803045e-24
7.943282350000000000e+08,4.229822302804112828e-24
1.000000000000000000e+09,4.208758682492882972e-24
1.258925410000000000e+09,4.192069642926625602e-24
1.584893190000000000e+09,4.178880258707140691e-24
1.995262310000000000e+09,4.168510061245843398e-24
2.511886430000000000e+09,4.160441523833282109e-24
3.162277660000000000e+09,4.154299963335800289e-24
3.981071710000000000e+09,4.149845549461981571e-24
5.011872340000000000e+09,4.146979209873421970e-24
6.309573440000000000e+09,4.145767184508804489e-24
7.943282350000000000e+09,4.146491788304449557e-24
1.000000000000000000e+10,4.149740923793863946e-24
1.258925410000000000e+10,4.156557383662416788e-24
1.584893190000000000e+10,4.168680666853479066e-24
1.995262310000000000e+10,4.188932342416660330e-24
2.511886430000000000e+10,4.221826485748056228e-24
3.162277660000000000e+10,4.274526064553290088e-24
3.981071710000000000e+10,4.358330329816102527e-24
5.011872340000000000e+10,4.490954431027584682e-24
6.309573440000000000e+10,4.699950966045220748e-24
7.943282350000000000e+10,5.027667617810131423e-24
1.000000000000000000e+11,5.538005875956176136e-24
